Date,Time,Sea_Table,Table_Position,Treatment,Bucket_ID,Cuke_ID,Activity_Score,Droop_score,Squeeze_score,Number_lesions,Bodywall lesions
9-11-2021,9:40,4.00,U,Control,1,A,0,2,2,NA,NA
9-11-2021,9:40,4.00,U,Control,1,B,5,2,2,NA,NA
9-11-2021,9:40,4.00,U,Control,2,A,12,2,2,NA,NA
9-11-2021,9:40,4.00,U,Control,2,B,9,2,2,NA,NA
9-11-2021,9:40,4.00,U,Control,3,A,0,2,2,NA,NA
9-11-2021,9:40,4.00,U,Control,3,B,1,1,2,NA,NA
9-11-2021,9:40,4.00,U,Control,4,A,2,2,2,NA,NA
9-11-2021,9:40,4.00,U,Control,4,B,9,2,2,NA,NA
9-11-2021,9:40,4.00,U,Control,5,A,6,2,2,NA,NA
9-11-2021,9:40,4.00,U,Control,5,B,9,2,2,NA,NA
9-11-2021,9:40,5.00,U,Heat,6,A,0,2,2,NA,NA
9-11-2021,9:40,5.00,U,Heat,6,B,5,1,1,NA,NA
9-11-2021,9:40,5.00,U,Heat,7,A,7,2,2,NA,NA
9-11-2021,9:40,5.00,U,Heat,7,B,0,2,2,NA,NA
9-11-2021,9:40,5.00,U,Heat,8,A,6,1,2,NA,NA
9-11-2021,9:40,5.00,U,Heat,8,B,10,2,2,NA,NA
9-11-2021,9:40,6.00,D,Room,9,A,0,2,2,NA,NA
9-11-2021,9:40,6.00,D,Room,9,B,0,2,2,NA,NA
9-11-2021,9:40,5.00,U,Heat,10,A,3,2,2,NA,NA
9-11-2021,9:40,5.00,U,Heat,10,B,11,2,1,NA,NA
9-11-2021,9:40,6.00,U,Heat,11,A,1,1,2,NA,NA
9-11-2021,9:40,6.00,U,Heat,11,B,9,2,1,NA,NA
9-11-2021,9:40,6.00,U,Heat,12,A,7,2,2,NA,NA
9-11-2021,9:40,6.00,U,Heat,12,B,11,2,2,NA,NA
9-11-2021,9:40,6.00,D,Room,13,A,5,2,2,NA,NA
9-11-2021,9:40,6.00,D,Room,13,B,1,1,1,NA,NA
9-11-2021,9:40,6.00,U,Heat,14,A,1,2,2,NA,NA
9-11-2021,9:40,6.00,U,Heat,14,B,0,2,1,NA,NA
9-11-2021,9:40,6.00,U,Heat,15,A,4,2,2,NA,NA
9-11-2021,9:40,6.00,U,Heat,15,B,10,2,2,NA,NA
9-11-2021,9:40,4.00,D,Room,16,A,5,2,2,NA,NA
9-11-2021,9:40,4.00,D,Room,16,B,1,1,0,NA,NA
9-11-2021,9:40,4.00,D,Room,17,A,1,2,2,NA,NA
9-11-2021,9:40,4.00,D,Room,17,B,1,2,2,NA,NA
9-11-2021,9:40,4.00,D,Room,18,A,4,2,2,NA,NA
9-11-2021,9:40,4.00,D,Room,18,B,0,2,2,NA,NA
9-11-2021,9:40,4.00,D,Room,19,A,0,2,2,NA,NA
9-11-2021,9:40,4.00,D,Room,19,B,7,1,2,NA,NA
9-11-2021,9:40,4.00,D,Room,20,A,5,2,2,NA,NA
9-11-2021,9:40,4.00,D,Room,20,B,10,2,2,NA,NA
9-11-2021,9:40,5.00,D,Control,21,A,12,2,2,NA,NA
9-11-2021,9:40,5.00,D,Control,21,B,7,1,2,NA,NA
9-11-2021,9:40,5.00,D,Control,22,A,0,2,2,NA,NA
9-11-2021,9:40,5.00,D,Control,22,B,13,2,2,NA,NA
9-11-2021,9:40,6.00,D,Room,23,A,5,2,2,NA,NA
9-11-2021,9:40,6.00,D,Room,23,B,7,2,2,NA,NA
9-11-2021,9:40,5.00,D,Control,24,A,12,2,2,NA,NA
9-11-2021,9:40,5.00,D,Control,24,B,8,2,2,NA,NA
9-11-2021,9:40,5.00,D,Control,25,A,2,2,2,NA,NA
9-11-2021,9:40,5.00,D,Control,25,B,0,2,2,NA,NA
9-11-2021,9:40,6.00,D,Room,26,A,8,2,2,NA,NA
9-11-2021,9:40,6.00,D,Room,26,B,8,2,1,NA,NA
9-11-2021,9:40,6.00,D,Room,27,A,NA,2,1,NA,NA
9-11-2021,9:40,6.00,U,Heat,28,A,NA,2,2,NA,NA
9-11-2021,9:40,5.00,D,Control,29,A,NA,2,2,NA,NA
9-11-2021,9:40,5.00,U,Heat,30,A,NA,1,2,NA,NA
10-11-2021,10:45,4.00,U,Control,1,A,3,2,2,NA,NA
10-11-2021,10:45,4.00,U,Control,1,B,4,2,2,NA,NA
10-11-2021,10:45,4.00,U,Control,2,A,13,2,2,NA,NA
10-11-2021,10:45,4.00,U,Control,2,B,12,2,1,NA,NA
10-11-2021,10:45,4.00,U,Control,3,A,0,2,2,NA,NA
10-11-2021,10:45,4.00,U,Control,3,B,0,2,2,NA,NA
10-11-2021,10:45,4.00,U,Control,4,A,1,2,2,NA,NA
10-11-2021,10:45,4.00,U,Control,4,B,10,2,2,NA,NA
10-11-2021,10:45,4.00,U,Control,5,A,8,2,2,NA,NA
10-11-2021,10:45,4.00,U,Control,5,B,13,2,2,NA,NA
10-11-2021,10:45,5.00,U,Heat,6,A,1,2,1,NA,NA
10-11-2021,10:45,5.00,U,Heat,6,B,0,2,1,NA,NA
10-11-2021,10:45,5.00,U,Heat,7,A,8,2,1,NA,NA
10-11-2021,10:45,5.00,U,Heat,7,B,0,2,1,NA,NA
10-11-2021,10:45,5.00,U,Heat,8,A,0,1,1,NA,NA
10-11-2021,10:45,5.00,U,Heat,8,B,0,2,2,NA,NA
10-11-2021,10:45,6.00,D,Room,9,A,0,2,2,NA,NA
10-11-2021,10:45,6.00,D,Room,9,B,0,1,1,NA,NA
10-11-2021,10:45,5.00,U,Heat,10,A,7,1,1,NA,NA
10-11-2021,10:45,5.00,U,Heat,10,B,0,0,0,NA,NA
10-11-2021,10:45,6.00,U,Heat,11,A,1,2,1,NA,NA
10-11-2021,10:45,6.00,U,Heat,11,B,3,1,0,NA,NA
10-11-2021,10:45,6.00,U,Heat,12,A,0,1,1,NA,NA
10-11-2021,10:45,6.00,U,Heat,12,B,0,2,1,NA,NA
10-11-2021,10:45,6.00,D,Room,13,A,13,1,1,NA,NA
10-11-2021,10:45,6.00,D,Room,13,B,6,1,1,NA,NA
10-11-2021,10:45,6.00,U,Heat,14,A,0,2,1,NA,NA
10-11-2021,10:45,6.00,U,Heat,14,B,4,0,0,NA,NA
10-11-2021,10:45,6.00,U,Heat,15,A,11,2,1,NA,NA
10-11-2021,10:45,6.00,U,Heat,15,B,0,1,1,NA,NA
10-11-2021,10:45,4.00,D,Room,16,A,0,2,2,NA,NA
10-11-2021,10:45,4.00,D,Room,16,B,0,1,1,NA,NA
10-11-2021,10:45,4.00,D,Room,17,A,7,2,2,NA,NA
10-11-2021,10:45,4.00,D,Room,17,B,8,2,1,NA,NA
10-11-2021,10:45,4.00,D,Room,18,A,7,1,0,NA,NA
10-11-2021,10:45,4.00,D,Room,18,B,8,1,1,NA,NA
10-11-2021,10:45,4.00,D,Room,19,A,3,1,2,NA,NA
10-11-2021,10:45,4.00,D,Room,19,B,9,2,1,NA,NA
10-11-2021,10:45,4.00,D,Room,20,A,0,2,2,NA,NA
10-11-2021,10:45,4.00,D,Room,20,B,5,2,2,NA,NA
10-11-2021,10:45,5.00,D,Control,21,A,2,2,2,NA,NA
10-11-2021,10:45,5.00,D,Control,21,B,6,2,2,NA,NA
10-11-2021,10:45,5.00,D,Control,22,A,9,2,2,NA,NA
10-11-2021,10:45,5.00,D,Control,22,B,6,2,2,NA,NA
10-11-2021,10:45,6.00,D,Room,23,A,3,2,1,NA,NA
10-11-2021,10:45,6.00,D,Room,23,B,7,2,2,NA,NA
10-11-2021,10:45,5.00,D,Control,24,A,5,2,2,NA,NA
10-11-2021,10:45,5.00,D,Control,24,B,11,2,2,NA,NA
10-11-2021,10:45,5.00,D,Control,25,A,0,2,2,NA,NA
10-11-2021,10:45,5.00,D,Control,25,B,0,2,2,NA,NA
10-11-2021,10:45,6.00,D,Room,26,A,5,2,2,NA,NA
10-11-2021,10:45,6.00,D,Room,26,B,5,2,1,NA,NA
10-11-2021,10:45,6.00,D,Room,27,A,NA,2,2,NA,NA
10-11-2021,10:45,6.00,U,Heat,28,A,NA,1,1,NA,NA
10-11-2021,10:45,5.00,D,Control,29,A,NA,2,2,NA,NA
10-11-2021,10:45,5.00,U,Heat,30,A,NA,1,2,NA,NA
11-11-2021,9:40,4.00,U,Control,1,A,0,2,2,NA,NA
11-11-2021,9:40,4.00,U,Control,1,B,0,2,2,NA,NA
11-11-2021,9:40,4.00,U,Control,2,A,0,2,2,NA,NA
11-11-2021,9:40,4.00,U,Control,2,B,3,2,2,NA,NA
11-11-2021,9:40,4.00,U,Control,3,A,0,2,2,NA,NA
11-11-2021,9:40,4.00,U,Control,3,B,0,2,2,NA,NA
11-11-2021,9:40,4.00,U,Control,4,A,0,2,2,NA,NA
11-11-2021,9:40,4.00,U,Control,4,B,7,2,2,NA,NA
11-11-2021,9:40,4.00,U,Control,5,A,8,2,2,NA,NA
11-11-2021,9:40,4.00,U,Control,5,B,8,2,2,NA,NA
11-11-2021,9:40,5.00,U,Heat,6,A,4,2,2,NA,NA
11-11-2021,9:40,5.00,U,Heat,6,B,8,1,1,NA,NA
11-11-2021,9:40,5.00,U,Heat,7,A,2,0,0,NA,NA
11-11-2021,9:40,5.00,U,Heat,7,B,0,1,1,NA,NA
11-11-2021,9:40,5.00,U,Heat,8,A,6,1,1,NA,NA
11-11-2021,9:40,5.00,U,Heat,8,B,3,2,1,NA,NA
11-11-2021,9:40,6.00,D,Room,9,A,5,1,1,NA,NA
11-11-2021,9:40,6.00,D,Room,9,B,0,2,1,NA,NA
11-11-2021,9:40,5.00,U,Heat,10,A,2,0,0,NA,NA
11-11-2021,9:40,5.00,U,Heat,10,B,8,1,1,NA,NA
11-11-2021,9:40,6.00,U,Heat,11,A,3,2,2,NA,NA
11-11-2021,9:40,6.00,U,Heat,11,B,2,0,1,NA,NA
11-11-2021,9:40,6.00,U,Heat,12,A,0,1,1,NA,NA
11-11-2021,9:40,6.00,U,Heat,12,B,2,0,1,NA,NA
11-11-2021,9:40,6.00,D,Room,13,A,1,1,1,NA,NA
11-11-2021,9:40,6.00,D,Room,13,B,2,1,1,NA,NA
11-11-2021,9:40,6.00,U,Heat,14,A,5,2,1,NA,NA
11-11-2021,9:40,6.00,U,Heat,14,B,6,0,0,NA,NA
11-11-2021,9:40,6.00,U,Heat,15,A,6,2,1,NA,NA
11-11-2021,9:40,6.00,U,Heat,15,B,5,1,1,NA,NA
11-11-2021,9:40,4.00,D,Room,16,A,2,1,2,NA,NA
11-11-2021,9:40,4.00,D,Room,16,B,0,1,1,NA,NA
11-11-2021,9:40,4.00,D,Room,17,A,1,2,2,NA,NA
11-11-2021,9:40,4.00,D,Room,17,B,3,1,2,NA,NA
11-11-2021,9:40,4.00,D,Room,18,A,4,0,0,NA,NA
11-11-2021,9:40,4.00,D,Room,18,B,6,1,2,NA,NA
11-11-2021,9:40,4.00,D,Room,19,A,2,1,2,NA,NA
11-11-2021,9:40,4.00,D,Room,19,B,2,2,1,NA,NA
11-11-2021,9:40,4.00,D,Room,20,A,7,2,1,NA,NA
11-11-2021,9:40,4.00,D,Room,20,B,3,1,1,NA,NA
11-11-2021,9:40,5.00,D,Control,21,A,4,2,2,NA,NA
11-11-2021,9:40,5.00,D,Control,21,B,2,2,2,NA,NA
11-11-2021,9:40,5.00,D,Control,22,A,9,2,2,NA,NA
11-11-2021,9:40,5.00,D,Control,22,B,7,2,1,NA,NA
11-11-2021,9:40,6.00,D,Room,23,A,8,1,1,NA,NA
11-11-2021,9:40,6.00,D,Room,23,B,9,2,2,NA,NA
11-11-2021,9:40,5.00,D,Control,24,A,0,2,2,NA,NA
11-11-2021,9:40,5.00,D,Control,24,B,8,2,2,NA,NA
11-11-2021,9:40,5.00,D,Control,25,A,6,2,2,NA,NA
11-11-2021,9:40,5.00,D,Control,25,B,0,2,2,NA,NA
11-11-2021,9:40,6.00,D,Room,26,A,6,1,2,NA,NA
11-11-2021,9:40,6.00,D,Room,26,B,8,0,1,NA,NA
11-11-2021,9:40,6.00,D,Room,27,A,NA,1,1,NA,NA
11-11-2021,9:40,6.00,U,Heat,28,A,NA,1,1,NA,NA
11-11-2021,9:40,5.00,D,Control,29,A,NA,2,1,NA,NA
11-11-2021,9:40,5.00,U,Heat,30,A,NA,1,1,NA,NA
12-11-2021,9:40,4.00,U,Control,1,A,3,2,2,NA,NA
12-11-2021,9:40,4.00,U,Control,1,B,5,2,2,NA,NA
12-11-2021,9:40,4.00,U,Control,2,A,9,2,2,NA,NA
12-11-2021,9:40,4.00,U,Control,2,B,3,2,1,NA,NA
12-11-2021,9:40,4.00,U,Control,3,A,3,2,2,NA,NA
12-11-2021,9:40,4.00,U,Control,3,B,5,2,2,NA,NA
12-11-2021,9:40,4.00,U,Control,4,A,4,2,2,NA,NA
12-11-2021,9:40,4.00,U,Control,4,B,10,2,2,NA,NA
12-11-2021,9:40,4.00,U,Control,5,A,5,2,2,NA,NA
12-11-2021,9:40,4.00,U,Control,5,B,7,1,2,NA,NA
12-11-2021,9:40,5.00,U,Heat,6,A,1,0,1,NA,NA
12-11-2021,9:40,5.00,U,Heat,6,B,2,0,1,NA,NA
12-11-2021,9:40,5.00,U,Heat,7,A,NA,1,1,NA,NA
12-11-2021,9:40,5.00,U,Heat,7,B,5,1,1,NA,NA
12-11-2021,9:40,5.00,U,Heat,8,A,5,1,1,NA,NA
12-11-2021,9:40,5.00,U,Heat,8,B,6,1,2,NA,NA
12-11-2021,9:40,5.00,U,Heat,30,A,NA,1,1,NA,NA
12-11-2021,9:40,5.00,U,Heat,10,A,NA,1,1,NA,NA
12-11-2021,9:40,5.00,U,Heat,10,B,9,1,2,NA,NA
12-11-2021,9:40,6.00,U,Heat,11,A,1,1,2,NA,NA
12-11-2021,9:40,6.00,U,Heat,11,B,1,0,0,NA,NA
12-11-2021,9:40,6.00,U,Heat,12,A,0,0,0,NA,NA
12-11-2021,9:40,6.00,U,Heat,12,B,1,1,1,NA,NA
12-11-2021,9:40,6.00,U,Heat,14,A,2,2,1,NA,NA
12-11-2021,9:40,6.00,U,Heat,14,B,6,0,0,NA,NA
12-11-2021,9:40,6.00,U,Heat,28,A,NA,0,1,NA,NA
12-11-2021,9:40,6.00,U,Heat,15,A,0,2,2,NA,NA
12-11-2021,9:40,6.00,U,Heat,15,B,3,1,1,NA,NA
12-11-2021,9:40,4.00,D,Room,16,A,0,2,2,NA,NA
12-11-2021,9:40,4.00,D,Room,16,B,1,1,1,NA,NA
12-11-2021,9:40,4.00,D,Room,17,A,11,2,2,NA,NA
12-11-2021,9:40,4.00,D,Room,17,B,8,2,2,NA,NA
12-11-2021,9:40,4.00,D,Room,18,A,10,2,1,NA,NA
12-11-2021,9:40,4.00,D,Room,18,B,10,2,2,NA,NA
12-11-2021,9:40,4.00,D,Room,19,A,0,2,2,NA,NA
12-11-2021,9:40,4.00,D,Room,19,B,3,2,1,NA,NA
12-11-2021,9:40,4.00,D,Room,20,A,5,1,1,NA,NA
12-11-2021,9:40,4.00,D,Room,20,B,3,1,1,NA,NA
12-11-2021,9:40,5.00,D,Control,21,A,2,2,2,NA,NA
12-11-2021,9:40,5.00,D,Control,21,B,4,2,2,NA,NA
12-11-2021,9:40,5.00,D,Control,22,A,2,2,2,NA,NA
12-11-2021,9:40,5.00,D,Control,22,B,5,2,2,NA,NA
12-11-2021,9:40,5.00,D,Control,24,A,4,2,2,NA,NA
12-11-2021,9:40,5.00,D,Control,24,B,5,2,1,NA,NA
12-11-2021,9:40,5.00,D,Control,29,A,NA,1,2,NA,NA
12-11-2021,9:40,5.00,D,Control,25,A,6,2,2,NA,NA
12-11-2021,9:40,5.00,D,Control,25,B,2,2,2,NA,NA
12-11-2021,9:40,6.00,D,Room,9,A,3,2,2,NA,NA
12-11-2021,9:40,6.00,D,Room,9,B,1,1,2,NA,NA
12-11-2021,9:40,6.00,D,Room,23,A,9,1,1,NA,NA
12-11-2021,9:40,6.00,D,Room,23,B,1,2,2,NA,NA
12-11-2021,9:40,6.00,D,Room,13,A,1,2,1,NA,NA
12-11-2021,9:40,6.00,D,Room,13,B,5,1,1,NA,NA
12-11-2021,9:40,6.00,D,Room,27,A,NA,2,1,NA,NA
12-11-2021,9:40,6.00,D,Room,26,A,7,1,1,NA,NA
12-11-2021,9:40,6.00,D,Room,26,B,6,0,1,NA,NA
13-11-2021,9:30,4.00,U,Control,1,A,7,2,2,3,0
13-11-2021,9:30,4.00,U,Control,1,B,5,2,2,0,0
13-11-2021,9:30,4.00,U,Control,2,A,2,2,1,0,0
13-11-2021,9:30,4.00,U,Control,2,B,3,2,1,0,0
13-11-2021,9:30,4.00,U,Control,3,A,7,2,2,0,0
13-11-2021,9:30,4.00,U,Control,3,B,1,2,2,0,0
13-11-2021,9:30,4.00,U,Control,4,A,0,2,2,2,0
13-11-2021,9:30,4.00,U,Control,4,B,6,2,2,0,0
13-11-2021,9:30,4.00,U,Control,5,A,8,2,1,0,0
13-11-2021,9:30,4.00,U,Control,5,B,3,2,2,0,0
13-11-2021,9:30,5.00,U,Heat,6,A,2,2,1,1,0
13-11-2021,9:30,5.00,U,Heat,6,B,0,2,2,0,0
13-11-2021,9:30,5.00,U,Heat,7,A,NA,NA,NA,0,0
13-11-2021,9:30,5.00,U,Heat,7,B,2,1,1,13,0
13-11-2021,9:30,5.00,U,Heat,8,A,0,1,1,5,0
13-11-2021,9:30,5.00,U,Heat,8,B,3,0,0,8,4
13-11-2021,9:30,5.00,U,Heat,30,A,NA,2,2,1,0
13-11-2021,9:30,5.00,U,Heat,10,A,NA,NA,NA,0,0
13-11-2021,9:30,5.00,U,Heat,10,B,1,2,1,0,0
13-11-2021,9:30,6.00,U,Heat,11,A,4,1,2,1,0
13-11-2021,9:30,6.00,U,Heat,11,B,0,0,1,0,0
13-11-2021,9:30,6.00,U,Heat,12,A,0,0,0,0,0
13-11-2021,9:30,6.00,U,Heat,12,B,9,1,1,1,0
13-11-2021,9:30,6.00,U,Heat,14,A,3,1,1,4,0
13-11-2021,9:30,6.00,U,Heat,14,B,NA,NA,NA,0,0
13-11-2021,9:30,6.00,U,Heat,28,A,NA,0,0,0,0
13-11-2021,9:30,6.00,U,Heat,15,A,0,1,1,2,0
13-11-2021,9:30,6.00,U,Heat,15,B,0,1,1,0,0
13-11-2021,9:30,4.00,D,Room,16,A,0,1,2,0,0
13-11-2021,9:30,4.00,D,Room,16,B,1,2,1,0,0
13-11-2021,9:30,4.00,D,Room,17,A,6,2,2,0,0
13-11-2021,9:30,4.00,D,Room,17,B,0,2,1,0,0
13-11-2021,9:30,4.00,D,Room,18,A,9,0,0,0,0
13-11-2021,9:30,4.00,D,Room,18,B,7,1,2,0,0
13-11-2021,9:30,4.00,D,Room,19,A,0,2,2,1,0
13-11-2021,9:30,4.00,D,Room,19,B,0,2,1,1,0
13-11-2021,9:30,4.00,D,Room,20,A,0,1,1,2,0
13-11-2021,9:30,4.00,D,Room,20,B,0,1,1,0,0
13-11-2021,9:30,5.00,D,Control,21,A,9,2,2,1,0
13-11-2021,9:30,5.00,D,Control,21,B,0,2,2,2,0
13-11-2021,9:30,5.00,D,Control,22,A,3,2,2,0,0
13-11-2021,9:30,5.00,D,Control,22,B,0,2,2,0,0
13-11-2021,9:30,5.00,D,Control,24,A,0,2,2,4,0
13-11-2021,9:30,5.00,D,Control,24,B,2,1,1,3,0
13-11-2021,9:30,5.00,D,Control,29,A,NA,2,1,0,0
13-11-2021,9:30,5.00,D,Control,25,A,4,2,1,2,0
13-11-2021,9:30,5.00,D,Control,25,B,3,2,2,2,0
13-11-2021,9:30,6.00,D,Room,9,A,0,1,2,0,0
13-11-2021,9:30,6.00,D,Room,9,B,0,1,1,2,0
13-11-2021,9:30,6.00,D,Room,23,A,0,1,1,0,0
13-11-2021,9:30,6.00,D,Room,23,B,9,2,2,0,0
13-11-2021,9:30,6.00,D,Room,13,A,0,2,2,2,0
13-11-2021,9:30,6.00,D,Room,13,B,0,2,2,0,0
13-11-2021,9:30,6.00,D,Room,27,A,NA,1,2,0,0
13-11-2021,9:30,6.00,D,Room,26,A,3,1,1,5,0
13-11-2021,9:30,6.00,D,Room,26,B,9,1,1,0,0
14-11-2021,10:30,4.00,U,Control,1,A,NA,2,2,3,0
14-11-2021,10:30,4.00,U,Control,1,B,NA,1,2,0,0
14-11-2021,10:30,4.00,U,Control,2,A,NA,2,2,1,0
14-11-2021,10:30,4.00,U,Control,2,B,NA,2,1,0,0
14-11-2021,10:30,4.00,U,Control,3,A,NA,2,2,0,0
14-11-2021,10:30,4.00,U,Control,3,B,NA,2,2,1,0
14-11-2021,10:30,4.00,U,Control,4,A,NA,2,2,4,0
14-11-2021,10:30,4.00,U,Control,4,B,NA,2,2,0,0
14-11-2021,10:30,4.00,U,Control,5,A,NA,2,2,0,0
14-11-2021,10:30,4.00,U,Control,5,B,NA,2,2,0,0
14-11-2021,10:30,5.00,U,Heat,6,A,NA,2,1,5,1
14-11-2021,10:30,5.00,U,Heat,6,B,NA,2,2,0,0
14-11-2021,10:30,5.00,U,Heat,7,A,NA,NA,NA,NA,NA
14-11-2021,10:30,5.00,U,Heat,7,B,NA,2,2,9,1
14-11-2021,10:30,5.00,U,Heat,8,A,NA,1,1,8,0
14-11-2021,10:30,5.00,U,Heat,8,B,NA,2,1,8,4
14-11-2021,10:30,5.00,U,Heat,30,A,NA,2,2,1,0
14-11-2021,10:30,5.00,U,Heat,10,A,NA,NA,NA,NA,NA
14-11-2021,10:30,5.00,U,Heat,10,B,NA,2,1,2,0
14-11-2021,10:30,6.00,U,Heat,11,A,NA,2,2,1,0
14-11-2021,10:30,6.00,U,Heat,11,B,NA,1,1,0,0
14-11-2021,10:30,6.00,U,Heat,12,A,NA,0,0,0,0
14-11-2021,10:30,6.00,U,Heat,12,B,NA,1,1,1,0
14-11-2021,10:30,6.00,U,Heat,14,A,NA,1,1,6,0
14-11-2021,10:30,6.00,U,Heat,14,B,NA,NA,NA,NA,NA
14-11-2021,10:30,6.00,U,Heat,28,A,NA,NA,NA,NA,NA
14-11-2021,10:30,6.00,U,Heat,15,A,NA,2,1,2,0
14-11-2021,10:30,6.00,U,Heat,15,B,NA,1,2,0,0
14-11-2021,10:30,4.00,D,Room,16,A,NA,1,2,2,0
14-11-2021,10:30,4.00,D,Room,16,B,NA,2,2,0,0
14-11-2021,10:30,4.00,D,Room,17,A,NA,1,2,0,0
14-11-2021,10:30,4.00,D,Room,17,B,NA,1,2,0,0
14-11-2021,10:30,4.00,D,Room,18,A,NA,1,1,1,0
14-11-2021,10:30,4.00,D,Room,18,B,NA,2,2,1,0
14-11-2021,10:30,4.00,D,Room,19,A,NA,2,2,3,0
14-11-2021,10:30,4.00,D,Room,19,B,NA,1,2,4,0
14-11-2021,10:30,4.00,D,Room,20,A,NA,2,2,5,0
14-11-2021,10:30,4.00,D,Room,20,B,NA,2,2,1,1
14-11-2021,10:30,5.00,D,Control,21,A,NA,2,2,3,0
14-11-2021,10:30,5.00,D,Control,21,B,NA,2,1,3,0
14-11-2021,10:30,5.00,D,Control,22,A,NA,2,2,0,0
14-11-2021,10:30,5.00,D,Control,22,B,NA,2,2,2,0
14-11-2021,10:30,5.00,D,Control,24,A,NA,2,2,2,0
14-11-2021,10:30,5.00,D,Control,24,B,NA,2,2,3,0
14-11-2021,10:30,5.00,D,Control,29,A,NA,2,1,2,0
14-11-2021,10:30,5.00,D,Control,25,A,NA,2,2,4,0
14-11-2021,10:30,5.00,D,Control,25,B,NA,2,2,4,0
14-11-2021,10:30,6.00,D,Room,9,A,NA,2,2,1,0
14-11-2021,10:30,6.00,D,Room,9,B,NA,2,2,4,0
14-11-2021,10:30,6.00,D,Room,23,A,NA,1,1,0,0
14-11-2021,10:30,6.00,D,Room,23,B,NA,2,2,0,0
14-11-2021,10:30,6.00,D,Room,13,A,NA,2,2,6,0
14-11-2021,10:30,6.00,D,Room,13,B,NA,2,2,2,0
14-11-2021,10:30,6.00,D,Room,27,A,NA,2,2,0,0
14-11-2021,10:30,6.00,D,Room,26,A,NA,1,1,6,0
14-11-2021,10:30,6.00,D,Room,26,B,NA,1,1,2,0
15-11-2021,11:00,4.00,U,Control,1,A,6,2,2,1,0
15-11-2021,11:00,4.00,U,Control,1,B,4,2,2,0,0
15-11-2021,11:00,4.00,U,Control,2,A,7,2,2,2,0
15-11-2021,11:00,4.00,U,Control,2,B,7,2,2,2,0
15-11-2021,11:00,4.00,U,Control,3,A,1,2,2,1,0
15-11-2021,11:00,4.00,U,Control,3,B,7,2,2,2,0
15-11-2021,11:00,4.00,U,Control,4,A,0,2,2,7,0
15-11-2021,11:00,4.00,U,Control,4,B,1,2,2,1,0
15-11-2021,11:00,4.00,U,Control,5,A,2,2,2,0,0
15-11-2021,11:00,4.00,U,Control,5,B,1,2,2,1,0
15-11-2021,11:00,5.00,U,Heat,6,A,0,2,2,2,0
15-11-2021,11:00,5.00,U,Heat,6,B,0,2,2,0,0
15-11-2021,11:00,5.00,U,Heat,7,A,NA,NA,NA,NA,NA
15-11-2021,11:00,5.00,U,Heat,7,B,9,2,1,8,1
15-11-2021,11:00,5.00,U,Heat,8,A,2,2,1,7,0
15-11-2021,11:00,5.00,U,Heat,8,B,4,2,1,3,0
15-11-2021,11:00,5.00,U,Heat,30,A,NA,2,2,2,0
15-11-2021,11:00,5.00,U,Heat,10,A,NA,NA,NA,NA,NA
15-11-2021,11:00,5.00,U,Heat,10,B,3,2,2,3,0
15-11-2021,11:00,6.00,U,Heat,11,A,3,2,2,2,0
15-11-2021,11:00,6.00,U,Heat,11,B,1,2,2,,0
15-11-2021,11:00,6.00,U,Heat,12,A,NA,NA,NA,NA,NA
15-11-2021,11:00,6.00,U,Heat,12,B,5,2,2,2,0
15-11-2021,11:00,6.00,U,Heat,14,A,0,1,1,3,0
15-11-2021,11:00,6.00,U,Heat,14,B,NA,NA,NA,NA,NA
15-11-2021,11:00,6.00,U,Heat,28,A,NA,NA,NA,NA,NA
15-11-2021,11:00,6.00,U,Heat,15,A,4,2,2,1,0
15-11-2021,11:00,6.00,U,Heat,15,B,1,2,2,0,0
15-11-2021,11:00,4.00,D,Room,16,A,0,2,2,3,0
15-11-2021,11:00,4.00,D,Room,16,B,3,2,2,0,0
15-11-2021,11:00,4.00,D,Room,17,A,7,1,2,0,0
15-11-2021,11:00,4.00,D,Room,17,B,2,2,1,1,0
15-11-2021,11:00,4.00,D,Room,18,A,5,2,1,1,0
15-11-2021,11:00,4.00,D,Room,18,B,7,2,2,0,0
15-11-2021,11:00,4.00,D,Room,19,A,10,2,2,1,0
15-11-2021,11:00,4.00,D,Room,19,B,0,2,2,2,0
15-11-2021,11:00,4.00,D,Room,20,A,4,1,1,4,0
15-11-2021,11:00,4.00,D,Room,20,B,2,2,1,2,0
15-11-2021,11:00,5.00,D,Control,21,A,4,2,1,2,0
15-11-2021,11:00,5.00,D,Control,21,B,0,2,2,3,0
15-11-2021,11:00,5.00,D,Control,22,A,2,2,2,1,0
15-11-2021,11:00,5.00,D,Control,22,B,3,2,1,0,0
15-11-2021,11:00,5.00,D,Control,24,A,0,2,2,1,0
15-11-2021,11:00,5.00,D,Control,24,B,9,2,2,3,0
15-11-2021,11:00,5.00,D,Control,29,A,NA,1,2,0,0
15-11-2021,11:00,5.00,D,Control,25,A,0,2,2,6,0
15-11-2021,11:00,5.00,D,Control,25,B,1,2,2,2,0
15-11-2021,11:00,6.00,D,Room,9,A,1,2,2,4,0
15-11-2021,11:00,6.00,D,Room,9,B,0,2,1,3,0
15-11-2021,11:00,6.00,D,Room,23,A,0,2,2,1,0
15-11-2021,11:00,6.00,D,Room,23,B,5,2,2,0,0
15-11-2021,11:00,6.00,D,Room,13,A,0,2,2,1,0
15-11-2021,11:00,6.00,D,Room,13,B,1,2,1,4,0
15-11-2021,11:00,6.00,D,Room,27,A,NA,2,2,0,0
15-11-2021,11:00,6.00,D,Room,26,A,0,1,1,8,0
15-11-2021,11:00,6.00,D,Room,26,B,2,1,1,1,0
20-11-2021,9:00,4.00,U,Control,1,A,6,2,2,0,0
20-11-2021,9:00,4.00,U,Control,1,B,10,2,2,0,0
20-11-2021,9:00,4.00,U,Control,2,A,9,2,2,0,0
20-11-2021,9:00,4.00,U,Control,2,B,6,2,2,0,0
20-11-2021,9:00,4.00,U,Control,3,A,9,1,2,0,0
20-11-2021,9:00,4.00,U,Control,3,B,11,2,1,2,0
20-11-2021,9:00,4.00,U,Control,4,A,2,2,2,0,0
20-11-2021,9:00,4.00,U,Control,4,B,2,2,2,1,0
20-11-2021,9:00,4.00,U,Control,5,A,7,2,2,0,0
20-11-2021,9:00,4.00,U,Control,5,B,4,2,2,1,0
20-11-2021,9:00,5.00,U,Heat,6,A,5,2,2,1,0
20-11-2021,9:00,5.00,U,Heat,6,B,8,2,2,0,0
20-11-2021,9:00,5.00,U,Heat,7,A,NA,NA,NA,NA,NA
20-11-2021,9:00,5.00,U,Heat,7,B,10,2,2,6,0
20-11-2021,9:00,5.00,U,Heat,8,A,8,2,1,0,0
20-11-2021,9:00,5.00,U,Heat,8,B,4,2,2,1,0
20-11-2021,9:00,5.00,U,Heat,30,A,NA,2,2,0,0
20-11-2021,9:00,5.00,U,Heat,10,A,NA,NA,NA,NA,NA
20-11-2021,9:00,5.00,U,Heat,10,B,6,2,2,0,0
20-11-2021,9:00,6.00,U,Heat,11,A,3,2,2,0,0
20-11-2021,9:00,6.00,U,Heat,11,B,1,2,2,0,0
20-11-2021,9:00,6.00,U,Heat,12,A,NA,NA,NA,NA,NA
20-11-2021,9:00,6.00,U,Heat,12,B,1,2,2,2,0
20-11-2021,9:00,6.00,U,Heat,14,A,2,2,2,1,0
20-11-2021,9:00,6.00,U,Heat,14,B,NA,NA,NA,NA,NA
20-11-2021,9:00,6.00,U,Heat,28,A,NA,NA,NA,NA,NA
20-11-2021,9:00,6.00,U,Heat,15,A,4,2,2,0,0
20-11-2021,9:00,6.00,U,Heat,15,B,3,2,2,0,0
20-11-2021,9:00,4.00,D,Room,16,A,5,2,2,0,0
20-11-2021,9:00,4.00,D,Room,16,B,3,2,1,0,0
20-11-2021,9:00,4.00,D,Room,17,A,8,2,2,0,0
20-11-2021,9:00,4.00,D,Room,17,B,6,2,2,0,0
20-11-2021,9:00,4.00,D,Room,18,A,8,2,1,0,0
20-11-2021,9:00,4.00,D,Room,18,B,8,2,2,0,0
20-11-2021,9:00,4.00,D,Room,19,A,10,2,2,0,0
20-11-2021,9:00,4.00,D,Room,19,B,8,2,2,0,0
20-11-2021,9:00,4.00,D,Room,20,A,8,2,1,2,0
20-11-2021,9:00,4.00,D,Room,20,B,3,2,2,0,0
20-11-2021,9:00,5.00,D,Control,21,A,10,2,2,0,0
20-11-2021,9:00,5.00,D,Control,21,B,4,2,2,0,0
20-11-2021,9:00,5.00,D,Control,22,A,3,2,2,0,0
20-11-2021,9:00,5.00,D,Control,22,B,10,2,2,0,0
20-11-2021,9:00,5.00,D,Control,24,A,2,2,2,0,0
20-11-2021,9:00,5.00,D,Control,24,B,7,2,2,1,0
20-11-2021,9:00,5.00,D,Control,29,A,NA,2,1,0,0
20-11-2021,9:00,5.00,D,Control,25,A,2,2,2,1,0
20-11-2021,9:00,5.00,D,Control,25,B,6,2,2,0,0
20-11-2021,9:00,6.00,D,Room,9,A,5,2,2,0,0
20-11-2021,9:00,6.00,D,Room,9,B,1,2,2,0,0
20-11-2021,9:00,6.00,D,Room,23,A,9,1,1,0,0
20-11-2021,9:00,6.00,D,Room,23,B,8,2,2,0,0
20-11-2021,9:00,6.00,D,Room,13,A,1,2,2,0,0
20-11-2021,9:00,6.00,D,Room,13,B,11,2,2,0,0
20-11-2021,9:00,6.00,D,Room,27,A,NA,2,2,0,0
20-11-2021,9:00,6.00,D,Room,26,A,2,2,2,4,0
20-11-2021,9:00,6.00,D,Room,26,B,2,2,1,0,0
